{"assets/images/car.jpg":["assets/images/car.jpg"],"assets/images/car1.jpg":["assets/images/car1.jpg"],"assets/images/logo.png":["assets/images/logo.png"],"assets/images/welcome.jpg":["assets/images/welcome.jpg"],"assets/images/welcome2.png":["assets/images/welcome2.png"],"assets/images/welcome3.png":["assets/images/welcome3.png"],"assets/show/.DS_Store":["assets/show/.DS_Store"],"assets/show/car1.jpg":["assets/show/car1.jpg"],"assets/show/car2.jpg":["assets/show/car2.jpg"],"assets/show/car3.jpg":["assets/show/car3.jpg"],"assets/show/car4.jpg":["assets/show/car4.jpg"],"assets/show/car5.jpg":["assets/show/car5.jpg"],"assets/show/car6.jpg":["assets/show/car6.jpg"],"assets/show/car7.jpg":["assets/show/car7.jpg"],"assets/show/car8.jpg":["assets/show/car8.jpg"],"packages/cupertino_icons/assets/CupertinoIcons.ttf":["packages/cupertino_icons/assets/CupertinoIcons.ttf"]}